Tags,TagName
"<bigdata><statistics>","statistics"
"<statistics><bigdata>","statistics"
"<bigdata><machine-learning><databases><statistics><education>","statistics"
"<machine-learning><statistics><feature-selection>","statistics"
"<statistics><reference-request>","statistics"
"<statistics>","statistics"
"<statistics><education><knowledge-base><definitions>","statistics"
"<efficiency><statistics><tools><knowledge-base>","statistics"
"<data-mining><statistics><education>","statistics"
"<machine-learning><statistics><glm>","statistics"
"<machine-learning><data-mining><statistics>","statistics"
"<statistics><dataset>","statistics"
"<statistics>","statistics"
"<machine-learning><statistics><recommender-system><feature-selection>","statistics"
"<machine-learning><statistics><time-series>","statistics"
"<machine-learning><statistics><career>","statistics"
"<r><statistics><correlation>","statistics"
"<machine-learning><data-mining><statistics><search>","statistics"
"<dataset><statistics><ab-test>","statistics"
"<bigdata><statistics><efficiency><scalability>","statistics"
"<statistics><glm><regression>","statistics"
"<python><statistics>","statistics"
"<machine-learning><statistics>","statistics"
"<statistics><algorithms><experiments>","statistics"
"<machine-learning><bigdata><data-mining><statistics><predictive-modeling>","statistics"
"<dataset><statistics><algorithms>","statistics"
"<statistics>","statistics"
"<r><statistics>","statistics"
"<r><statistics>","statistics"
"<r><statistics><regression>","statistics"
"<machine-learning><bigdata><statistics><anomaly-detection>","statistics"
"<machine-learning><statistics>","statistics"
"<data-mining><statistics><text-mining><time-series><categorical-data>","statistics"
"<data-mining><statistics><predictive-modeling><accuracy>","statistics"
"<machine-learning><data-mining><dataset><statistics><recommender-system>","statistics"
"<statistics><sampling>","statistics"
"<machine-learning><data-mining><statistics><algorithms><recommender-system>","statistics"
"<machine-learning><data-mining><classification><statistics><nlp>","statistics"
"<machine-learning><statistics>","statistics"
"<statistics><sampling>","statistics"
"<statistics><data-cleaning>","statistics"
"<machine-learning><statistics>","statistics"
"<machine-learning><statistics><dimensionality-reduction>","statistics"
"<data-mining><classification><statistics>","statistics"
"<machine-learning><statistics>","statistics"
"<machine-learning><data-mining><statistics><predictive-modeling>","statistics"
"<python><statistics>","statistics"
"<r><statistics>","statistics"
"<machine-learning><statistics>","statistics"
"<data-mining><statistics>","statistics"
"<statistics><social-network-analysis>","statistics"
"<classification><statistics>","statistics"
"<data-mining><statistics><visualization><decision-trees>","statistics"
"<dataset><statistics><pandas>","statistics"
"<statistics><predictive-modeling>","statistics"
"<machine-learning><data-mining><classification><bigdata><statistics>","statistics"
"<statistics><algorithms><graphs><social-network-analysis>","statistics"
"<machine-learning><bigdata><statistics><programming><c>","statistics"
"<machine-learning><dataset><statistics><correlation><deep-learning>","statistics"
"<machine-learning><data-mining><statistics><python><correlation>","statistics"
"<data-mining><statistics><clustering><predictive-modeling>","statistics"
"<machine-learning><classification><statistics><logistic-regression><expectation-maximization>","statistics"
"<statistics>","statistics"
"<statistics>","statistics"
"<statistics><nlp><text-mining><time-series>","statistics"
"<statistics>","statistics"
"<statistics><predictive-modeling><regression>","statistics"
"<python><statistics><feature-scaling>","statistics"
"<statistics>","statistics"
"<machine-learning><statistics>","statistics"
"<statistics><apache-spark>","statistics"
"<r><statistics><simulation>","statistics"
"<machine-learning><data-mining><bigdata><statistics><apache-hadoop>","statistics"
"<machine-learning><r><python><statistics>","statistics"
"<statistics><correlation><linear-regression>","statistics"
"<machine-learning><statistics>","statistics"
"<machine-learning><statistics><outlier>","statistics"
"<statistics><beginner>","statistics"
"<machine-learning><statistics><image-classification>","statistics"
"<r><statistics><data>","statistics"
"<machine-learning><statistics><education>","statistics"
"<statistics><similarity>","statistics"
"<statistics><feature-selection>","statistics"
"<statistics>","statistics"
"<statistics><data>","statistics"
"<neural-network><nlp><statistics><rnn><ngrams>","statistics"
"<machine-learning><python><statistics><nlp>","statistics"
"<statistics><education>","statistics"
"<clustering><statistics>","statistics"
"<statistics><correlation>","statistics"
"<machine-learning><statistics><dimensionality-reduction>","statistics"
"<statistics>","statistics"
"<machine-learning><statistics><svm><multilabel-classification>","statistics"
"<statistics><correlation><linear-regression>","statistics"
"<machine-learning><data-mining><classification><statistics><predictive-modeling>","statistics"
"<statistics><normalization>","statistics"
"<data-mining><dataset><statistics><text-mining>","statistics"
"<statistics><linear-regression>","statistics"
"<statistics><data>","statistics"
"<data-mining><statistics><csv>","statistics"
"<statistics><data>","statistics"
"<statistics><marketing>","statistics"
"<machine-learning><python><neural-network><statistics><tensorflow>","statistics"
"<statistics><cross-validation><evaluation>","statistics"
"<r><python><statistics>","statistics"
"<r><python><statistics>","statistics"
"<python><statistics><regression><hyperparameter>","statistics"
"<statistics>","statistics"
"<python><statistics><pandas>","statistics"
"<machine-learning><classification><statistics><svm><naive-bayes-classifier>","statistics"
"<statistics><correlation>","statistics"
"<statistics><feature-scaling>","statistics"
"<statistics><predictive-modeling>","statistics"
"<dataset><statistics><research>","statistics"
"<statistics>","statistics"
"<data-mining><statistics><data><experiments><ab-test>","statistics"
"<python><statistics><visualization><pandas>","statistics"
"<statistics><predictive-modeling><descriptive-statistics>","statistics"
"<bigdata><statistics><predictive-modeling><model-selection>","statistics"
"<machine-learning><neural-network><statistics><data>","statistics"
"<machine-learning><data-mining><classification><clustering><statistics>","statistics"
"<statistics><unsupervised-learning>","statistics"
"<statistics><time-series><experiments><ab-test>","statistics"
"<machine-learning><predictive-modeling><statistics>","statistics"
"<r><statistics><time-series>","statistics"
"<statistics>","statistics"
"<r><statistics>","statistics"
"<statistics><ab-test>","statistics"
"<machine-learning><r><statistics><regression>","statistics"
"<python><statistics><anomaly-detection>","statistics"
"<python><statistics><pandas><ipython>","statistics"
"<statistics><data><ab-test><marketing>","statistics"
"<machine-learning><classification><statistics><multilabel-classification>","statistics"
"<statistics><cross-validation><ab-test>","statistics"
"<data-mining><statistics><pca>","statistics"
"<statistics><beginner>","statistics"
"<statistics><ab-test>","statistics"
"<python><bigdata><statistics><visualization><descriptive-statistics>","statistics"
"<data-mining><statistics><dataset>","statistics"
"<statistics>","statistics"
"<clustering><bigdata><dataset><statistics>","statistics"
"<machine-learning><statistics><visualization><data-wrangling><methods>","statistics"
"<machine-learning><statistics><regression><logistic-regression><linear-regression>","statistics"
"<machine-learning><predictive-modeling><statistics><algorithms><regression>","statistics"
"<r><statistics><correlation>","statistics"
"<statistics><distributed>","statistics"
"<dataset><statistics><time-series><error-handling>","statistics"
"<statistics><feature-extraction><ab-test><sequential-pattern-mining>","statistics"
"<classification><clustering><statistics><missing-data>","statistics"
"<data-mining><statistics><feature-extraction>","statistics"
"<machine-learning><data-mining><statistics><anomaly-detection><unsupervised-learning>","statistics"
"<machine-learning><nlp><statistics>","statistics"
"<python><r><statistics><time-series><regression>","statistics"
"<machine-learning><statistics><feature-extraction><feature-engineering><probability>","statistics"
"<statistics><ab-test><experiments>","statistics"
"<statistics><data-cleaning><hive>","statistics"
"<machine-learning><python><clustering><statistics><unsupervised-learning>","statistics"
"<machine-learning><classification><statistics><regression>","statistics"
"<python><statistics><correlation>","statistics"
"<machine-learning><statistics><rnn>","statistics"
"<statistics><probability><data-stream-mining>","statistics"
"<predictive-modeling><statistics><social-network-analysis><software-recommendation>","statistics"
"<statistics><linear-regression><parameter>","statistics"
"<machine-learning><data-mining><statistics>","statistics"
"<statistics>","statistics"
"<statistics><descriptive-statistics>","statistics"
"<r><statistics>","statistics"
"<data-mining><statistics><algorithms><distribution>","statistics"
"<machine-learning><statistics><matlab><probability><descriptive-statistics>","statistics"
"<dataset><statistics><preprocessing><missing-data>","statistics"
"<machine-learning><data-mining><clustering><statistics>","statistics"
"<r><data-mining><dataset><statistics>","statistics"
"<machine-learning><statistics><reinforcement-learning>","statistics"
"<python><statistics>","statistics"
"<statistics>","statistics"
"<machine-learning><statistics><experiments>","statistics"
"<statistics>","statistics"
"<machine-learning><dataset><statistics>","statistics"
"<statistics><beginner><ab-test>","statistics"
"<statistics><anomaly-detection><outlier><reductions>","statistics"
"<machine-learning><neural-network><statistics>","statistics"
"<data-mining><statistics><time-series>","statistics"
"<statistics>","statistics"
"<statistics><time-series>","statistics"
"<statistics><unbalanced-classes>","statistics"
"<statistics>","statistics"
"<statistics><feature-selection><feature-extraction><feature-engineering><kaggle>","statistics"
"<r><predictive-modeling><statistics><data>","statistics"
"<machine-learning><statistics><data-cleaning>","statistics"
"<r><statistics>","statistics"
"<statistics><linear-regression>","statistics"
"<machine-learning><predictive-modeling><statistics>","statistics"
"<statistics>","statistics"
"<statistics><regression><visualization><correlation><prediction>","statistics"
"<machine-learning><neural-network><statistics>","statistics"
"<python><statistics><pandas>","statistics"
"<machine-learning><dataset><statistics>","statistics"
"<statistics><prediction><ab-test>","statistics"
"<statistics><visualization><descriptive-statistics>","statistics"
"<machine-learning><nlp><statistics>","statistics"
"<dataset><statistics>","statistics"
"<statistics><probability>","statistics"
"<machine-learning><classification><data-mining><predictive-modeling><statistics>","statistics"
"<machine-learning><statistics><feature-selection><algorithms><feature-extraction>","statistics"
"<statistics>","statistics"
"<machine-learning><data-mining><statistics><correlation>","statistics"
"<statistics>","statistics"
"<machine-learning><statistics><time-series>","statistics"
"<machine-learning><statistics><algorithms><random-forest>","statistics"
"<statistics>","statistics"
"<time-series><statistics>","statistics"
"<r><data-mining><statistics>","statistics"
"<statistics>","statistics"
"<clustering><statistics><distribution>","statistics"
"<machine-learning><data-mining><statistics><feature-selection>","statistics"
"<statistics><data><beginner><career>","statistics"
"<classification><statistics>","statistics"
"<time-series><statistics>","statistics"
"<dataset><statistics><distance>","statistics"
"<machine-learning><statistics><regression><random-forest><categorical-data>","statistics"
"<statistics>","statistics"
"<machine-learning><neural-network><predictive-modeling><regression><statistics>","statistics"
"<machine-learning><statistics>","statistics"
"<python><statistics><pandas>","statistics"
"<statistics><descriptive-statistics><error-handling>","statistics"
"<python><statistics>","statistics"
"<statistics><convnet><image-recognition><convolution><tsne>","statistics"
"<r><statistics><visualization>","statistics"
"<statistics><random-forest><optimization><evaluation><sampling>","statistics"
"<statistics><graphs><graphical-model>","statistics"
"<machine-learning><time-series><statistics><data><correlation>","statistics"
"<machine-learning><neural-network><r><statistics><forecasting>","statistics"
"<machine-learning><python><r><statistics><preprocessing>","statistics"
"<machine-learning><statistics><homework>","statistics"
"<clustering><regression><statistics><decision-trees><descriptive-statistics>","statistics"
"<statistics><parameter-estimation>","statistics"
"<statistics><ab-test><experiments>","statistics"
"<machine-learning><nlp><statistics><probability>","statistics"
"<machine-learning><statistics>","statistics"
"<data-mining><statistics><loss-function>","statistics"
"<python><statistics><bayesian>","statistics"
"<machine-learning><python><statistics><class-imbalance>","statistics"
"<machine-learning><statistics>","statistics"
"<statistics>","statistics"
"<machine-learning><neural-network><statistics>","statistics"
"<machine-learning><neural-network><regression><statistics>","statistics"
"<machine-learning><neural-network><predictive-modeling><statistics><supervised-learning>","statistics"
"<statistics>","statistics"
"<statistics><visualization><anomaly-detection><outlier><anomaly>","statistics"
"<regression><statistics><prediction><evaluation><accuracy>","statistics"
"<python><statistics><feature-selection><feature-extraction>","statistics"
"<deep-learning><statistics><performance><descriptive-statistics>","statistics"
"<machine-learning><statistics>","statistics"
"<machine-learning><predictive-modeling><statistics>","statistics"
"<statistics><ab-test>","statistics"
"<statistics>","statistics"
"<machine-learning><statistics><reinforcement-learning><probability><randomized-algorithms>","statistics"
"<machine-learning><data-mining><predictive-modeling><statistics>","statistics"
"<machine-learning><statistics><reference-request><math><esl>","statistics"
"<machine-learning><statistics><reinforcement-learning><probability>","statistics"
"<statistics>","statistics"
"<machine-learning><neural-network><deep-learning><scikit-learn><statistics>","statistics"
"<python><statistics><scipy>","statistics"
"<python><statistics><bayesian>","statistics"
"<machine-learning><dataset><time-series><statistics><probability>","statistics"
"<statistics><data>","statistics"
"<machine-learning><deep-learning><statistics><loss-function>","statistics"
"<dataset><statistics><data-cleaning><methodology>","statistics"
"<machine-learning><data-mining><statistics><algorithms>","statistics"
"<statistics><parameter-estimation><distribution>","statistics"
"<deep-learning><statistics><probability><gan>","statistics"
"<deep-learning><statistics><probability><gan>","statistics"
"<machine-learning><predictive-modeling><statistics><probability><forecast>","statistics"
"<dataset><statistics><visualization><data-cleaning><descriptive-statistics>","statistics"
"<python><statistics><pandas>","statistics"
"<predictive-modeling><statistics><bayesian>","statistics"
"<r><statistics>","statistics"
"<data-mining><nlp><text-mining><statistics>","statistics"
"<python><r><statistics>","statistics"
"<predictive-modeling><statistics><correlation>","statistics"
"<machine-learning><statistics><probability>","statistics"
"<machine-learning><statistics><visualization><probability><regularization>","statistics"
"<neural-network><deep-learning><statistics>","statistics"
"<machine-learning><statistics><anomaly-detection><outlier>","statistics"
"<time-series><statistics><rnn><lstm>","statistics"
"<machine-learning><statistics><ensemble-modeling><ensemble><ensemble-learning>","statistics"
"<machine-learning><statistics><linear-regression>","statistics"
"<machine-learning><data-mining><dataset><statistics><data>","statistics"
"<statistics><definitions><math>","statistics"
"<machine-learning><statistics><descriptive-statistics>","statistics"
"<statistics><feature-selection><feature-engineering>","statistics"
"<machine-learning><statistics><math>","statistics"
"<statistics><data>","statistics"
"<machine-learning><statistics><survival-analysis>","statistics"
"<statistics><sampling><search><search-engine><learning-to-rank>","statistics"
"<machine-learning><predictive-modeling><regression><statistics><algorithms>","statistics"
"<statistics><transfer-learning><domain-adaptation>","statistics"
"<machine-learning><python><statistics><machine-learning-model>","statistics"
"<predictive-modeling><statistics><feature-selection><correlation>","statistics"
"<machine-learning><classification><regression><statistics>","statistics"
"<statistics><google>","statistics"
"<machine-learning><statistics><feature-selection>","statistics"
"<machine-learning><classification><regression><statistics><lda>","statistics"
"<machine-learning><statistics><feature-selection>","statistics"
"<python><statistics>","statistics"
"<python><dataset><statistics><sampling>","statistics"
"<deep-learning><time-series><statistics><data-analysis><anomaly>","statistics"
"<machine-learning><data-mining><statistics><data-science-model>","statistics"
"<r><regression><statistics><linear-regression>","statistics"
"<python><neural-network><scikit-learn><statistics><confusion-matrix>","statistics"
"<machine-learning><statistics>","statistics"
"<statistics>","statistics"
"<machine-learning><statistics><machine-learning-model><descriptive-statistics>","statistics"
"<regression><statistics>","statistics"
"<statistics><career><programming>","statistics"
"<python><statistics><categorical-data><correlation>","statistics"
"<statistics><books>","statistics"
"<data-mining><dataset><statistics><data-cleaning><data>","statistics"
"<machine-learning><scikit-learn><statistics><linear-regression>","statistics"
"<data-mining><statistics><bigdata>","statistics"
"<machine-learning><statistics><unsupervised-learning><supervised-learning><semi-supervised-learning>","statistics"
"<python><statistics><feature-selection>","statistics"
"<machine-learning><regression><statistics><linear-regression><cost-function>","statistics"
"<machine-learning><statistics>","statistics"
"<machine-learning><time-series><statistics><data><lstm>","statistics"
"<statistics><data-science-model>","statistics"
"<machine-learning><regression><statistics><linear-regression>","statistics"
"<machine-learning><data-mining><statistics><sampling>","statistics"
"<python><statistics><ranking>","statistics"
"<python><r><statistics><algorithms><ranking>","statistics"
"<statistics><data-science-model>","statistics"
"<machine-learning><statistics><outlier><data-science-model>","statistics"
"<machine-learning><neural-network><statistics><gaussian>","statistics"
"<statistics><books>","statistics"
"<machine-learning><classification><statistics><bayesian><confusion-matrix>","statistics"
"<python><statistics><visualization><categorical-data><heatmap>","statistics"
"<statistics><data>","statistics"
"<python><statistics><machine-learning-model><numpy>","statistics"
"<statistics><distribution>","statistics"
"<machine-learning><statistics><feature-selection><data-analysis>","statistics"
"<machine-learning><statistics><distribution><descriptive-statistics><boosting>","statistics"
"<machine-learning><statistics><feature-selection><feature-extraction>","statistics"
"<machine-learning><python><time-series><statistics><forecasting>","statistics"
"<machine-learning><statistics><linear-regression><k-nn>","statistics"
"<regression><statistics><correlation>","statistics"
"<statistics>","statistics"
"<machine-learning><statistics><evaluation>","statistics"
"<dataset><statistics>","statistics"
"<statistics><dimensionality-reduction><pca>","statistics"
"<r><statistics><linear-regression>","statistics"
"<python><statistics><data-cleaning><correlation>","statistics"
"<machine-learning><statistics><preprocessing><feature-scaling>","statistics"
"<keras><statistics>","statistics"
"<machine-learning><statistics><feature-selection>","statistics"
"<machine-learning><python><statistics><data><feature-engineering>","statistics"
"<statistics><descriptive-statistics>","statistics"
"<machine-learning><regression><statistics>","statistics"
"<python><predictive-modeling><statistics><pandas><prediction>","statistics"
"<data-mining><statistics><descriptive-statistics>","statistics"
"<r><statistics><outlier>","statistics"
"<machine-learning><regression><statistics><outlier><smote>","statistics"
"<statistics><homework>","statistics"
"<machine-learning><regression><statistics>","statistics"
"<machine-learning><data-mining><statistics><probabilistic-programming>","statistics"
"<machine-learning><clustering><statistics><recommender-system><similarity>","statistics"
"<machine-learning><neural-network><deep-learning><statistics><data-science-model>","statistics"
"<machine-learning><classification><statistics><bayesian>","statistics"
"<machine-learning><python><time-series><statistics><forecasting>","statistics"
"<machine-learning><deep-learning><dataset><statistics><visualization>","statistics"
"<clustering><statistics><clusters><math>","statistics"
"<machine-learning><neural-network><statistics><random-forest><unsupervised-learning>","statistics"
"<python><statistics><linear-algebra>","statistics"
"<statistics><training><self-study>","statistics"
"<python><time-series><statistics><model-selection>","statistics"
"<machine-learning><python><statistics><pandas>","statistics"
"<python><statistics>","statistics"
"<regression><statistics><data-science-model>","statistics"
"<statistics><self-study>","statistics"
"<statistics>","statistics"
"<machine-learning><data-mining><predictive-modeling><statistics>","statistics"
"<statistics><normalization><class-imbalance>","statistics"
"<machine-learning><statistics>","statistics"
"<statistics><distribution>","statistics"
"<statistics><visualization><correlation>","statistics"
"<machine-learning><predictive-modeling><statistics><svm><logistic-regression>","statistics"
"<r><statistics><glm>","statistics"
"<machine-learning><python><time-series><statistics>","statistics"
"<python><r><statistics><java><programming>","statistics"
"<machine-learning><statistics><feature-extraction>","statistics"
"<machine-learning><neural-network><deep-learning><statistics>","statistics"
"<statistics><logistic-regression><sas>","statistics"
"<statistics><tsne>","statistics"
"<data-mining><statistics><probability><data-science-model><data-analysis>","statistics"
"<statistics>","statistics"
"<machine-learning><statistics><pca><image-recognition><dimensionality-reduction>","statistics"
"<machine-learning><statistics><visualization><pca>","statistics"
"<data-mining><statistics>","statistics"
"<python><statistics><data><ipython>","statistics"
"<machine-learning><nlp><statistics><machine-learning-model>","statistics"
"<dataset><statistics><recommender-system><ab-test>","statistics"
"<r><time-series><statistics>","statistics"
"<machine-learning><statistics><math>","statistics"
"<machine-learning><statistics>","statistics"
"<neural-network><statistics><recurrent-neural-net><forecast><forecasting>","statistics"
"<statistics><ensemble-modeling><variance>","statistics"
"<machine-learning><deep-learning><statistics>","statistics"
"<machine-learning><regression><statistics><logistic-regression>","statistics"
"<statistics><distribution><excel><churn>","statistics"
"<data-mining><time-series><predictive-modeling><statistics><prediction>","statistics"
"<machine-learning><regression><statistics>","statistics"
"<classification><statistics><optimization><machine-learning-model>","statistics"
"<statistics><probability><bayesian><probabilistic-programming><mcmc>","statistics"
"<data-mining><dataset><statistics><sampling>","statistics"
"<statistics><feature-engineering>","statistics"
"<machine-learning><dataset><statistics>","statistics"
"<machine-learning><deep-learning><statistics><generative-models>","statistics"
"<python><statistics><numpy><distribution><scipy>","statistics"
"<machine-learning><statistics>","statistics"
"<machine-learning><classification><statistics><probability>","statistics"
"<machine-learning><time-series><statistics><lstm><forecasting>","statistics"
"<predictive-modeling><regression><statistics>","statistics"
"<machine-learning><statistics>","statistics"
"<classification><predictive-modeling><statistics><algorithms><multiclass-classification>","statistics"
"<machine-learning><statistics><association-rules>","statistics"
"<machine-learning><python><statistics><numpy><gaussian>","statistics"
"<python><statistics><ipython><descriptive-statistics><math>","statistics"
"<machine-learning><statistics><generalization>","statistics"
"<statistics><descriptive-statistics>","statistics"
"<python><predictive-modeling><statistics><model-selection>","statistics"
"<time-series><statistics><algorithms>","statistics"
"<statistics><normalization><metric><image>","statistics"
"<statistics><data><data-science-model><descriptive-statistics><math>","statistics"
"<r><statistics><graphs>","statistics"
"<python><statistics><scipy>","statistics"
"<machine-learning><predictive-modeling><statistics>","statistics"
"<machine-learning><time-series><statistics><feature-selection><correlation>","statistics"
"<classification><statistics><multilabel-classification>","statistics"
"<machine-learning><classification><clustering><statistics>","statistics"
"<machine-learning><python><statistics><distribution>","statistics"
"<machine-learning><python><pandas><statistics><visualization>","statistics"
"<machine-learning><statistics><self-study><mathematics>","statistics"
"<statistics><data-analysis>","statistics"
"<statistics><preprocessing><scipy>","statistics"
"<machine-learning><data-mining><statistics>","statistics"
"<machine-learning><statistics><visualization><data-cleaning><data-analysis>","statistics"
"<statistics><cross-validation><multiclass-classification><evaluation>","statistics"
"<python><statistics>","statistics"
"<python><statistics>","statistics"
"<statistics>","statistics"
"<r><statistics><excel>","statistics"
"<python><classification><statistics><multiclass-classification><evaluation>","statistics"
"<statistics>","statistics"
"<machine-learning><python><scikit-learn><statistics>","statistics"
"<statistics><correlation>","statistics"
"<r><predictive-modeling><statistics><forecasting><data-analysis>","statistics"
"<python><statistics><probability><scipy>","statistics"
"<statistics><prediction><sequence>","statistics"
"<machine-learning><statistics>","statistics"
"<deep-learning><regression><statistics>","statistics"
"<regression><statistics><supervised-learning><mathematics>","statistics"
"<machine-learning><time-series><statistics>","statistics"
"<python><predictive-modeling><statistics>","statistics"
"<machine-learning><regression><statistics><correlation><descriptive-statistics>","statistics"
"<machine-learning><nlp><statistics>","statistics"
"<machine-learning><statistics><mathematics>","statistics"
"<statistics><esl>","statistics"
"<python><time-series><statistics><data-imputation>","statistics"
"<statistics>","statistics"
"<machine-learning><python><time-series><statistics>","statistics"
"<machine-learning><statistics><recommender-system>","statistics"
"<statistics><descriptive-statistics><estimators>","statistics"
"<statistics><plotting><matplotlib><distribution>","statistics"
"<machine-learning><regression><statistics><linear-regression>","statistics"
"<python><statistics><visualization><simulation>","statistics"
"<statistics><probability><distribution><variance>","statistics"
"<machine-learning><statistics><similarity>","statistics"
"<machine-learning><classification><dataset><statistics><data-science-model>","statistics"
"<statistics>","statistics"
"<math><machine-learning><statistics>","statistics"
"<dataset><statistics><visualization><k-means><normalization>","statistics"
"<python><statistics><geospatial>","statistics"
"<statistics><algorithms>","statistics"
"<python><time-series><statistics><prediction><forecast>","statistics"
"<machine-learning><deep-learning><classification><statistics><sentiment-analysis>","statistics"
"<machine-learning><statistics><data-science-model><feature-scaling><distribution>","statistics"
"<statistics><visualization><data-analysis>","statistics"
"<statistics><visualization><data-science-model><matplotlib><seaborn>","statistics"
"<machine-learning><statistics><optimization>","statistics"
"<machine-learning><statistics><variance>","statistics"
"<machine-learning><neural-network><statistics>","statistics"
"<machine-learning><statistics>","statistics"
"<r><statistics>","statistics"
"<r><statistics>","statistics"
"<r><time-series><statistics>","statistics"
"<machine-learning><scikit-learn><statistics><svm><anomaly-detection>","statistics"
"<data-mining><dataset><statistics><bigdata><categorical-data>","statistics"
"<r><time-series><statistics>","statistics"
"<dataset><regression><statistics><data><bigdata>","statistics"
"<dataset><statistics><bigdata><data-science-model>","statistics"
"<machine-learning><deep-learning><statistics><metric><bayesian>","statistics"
"<classification><statistics>","statistics"
"<machine-learning><statistics><data-cleaning><data-wrangling>","statistics"
"<python><statistics><descriptive-statistics>","statistics"
"<dataset><statistics><graphs><descriptive-statistics><math>","statistics"
"<machine-learning><keras><statistics>","statistics"
"<machine-learning><python><time-series><statistics><forecasting>","statistics"
"<r><statistics><glm>","statistics"
"<machine-learning><statistics><data-cleaning><data-wrangling>","statistics"
"<regression><statistics><logistic-regression>","statistics"
"<machine-learning><deep-learning><statistics>","statistics"
"<statistics><variance>","statistics"
"<statistics><simulation>","statistics"
"<machine-learning><statistics>","statistics"
"<time-series><statistics><similarity><correlation><simulation>","statistics"
"<statistics><bayesian>","statistics"
"<dataset><statistics><probability>","statistics"
"<python><statistics><sentiment-analysis><twitter>","statistics"
"<machine-learning><statistics><optimization>","statistics"
"<statistics><correlation><data-analysis>","statistics"
"<time-series><statistics><similarity><correlation><simulation>","statistics"
"<statistics>","statistics"
"<statistics><distribution><scipy>","statistics"
"<time-series><pandas><statistics>","statistics"
"<statistics><descriptive-statistics>","statistics"
"<machine-learning><neural-network><statistics><bayesian-networks>","statistics"
"<python><dataset><statistics><sampling><data-stream-mining>","statistics"
"<statistics>","statistics"
"<machine-learning><deep-learning><predictive-modeling><statistics>","statistics"
"<machine-learning><neural-network><deep-learning><statistics><computer-vision>","statistics"
"<machine-learning><neural-network><r><statistics><rstudio>","statistics"
"<machine-learning><neural-network><r><statistics><rstudio>","statistics"
"<statistics><distribution>","statistics"
"<r><statistics><logistic-regression>","statistics"
"<classification><statistics><bayesian>","statistics"
"<regression><statistics><probability>","statistics"
"<machine-learning><statistics>","statistics"
"<dataset><predictive-modeling><statistics><prediction><sequence>","statistics"
"<regression><statistics><bayesian>","statistics"
"<python><statistics><data><feature-engineering><data-science-model>","statistics"
"<statistics><data-science-model><probability><distribution><probabilistic-programming>","statistics"
"<python><statistics><matplotlib>","statistics"
"<machine-learning><neural-network><deep-learning><statistics>","statistics"
"<statistics>","statistics"
"<predictive-modeling><statistics><data-cleaning><prediction><preprocessing>","statistics"
"<statistics><normalization>","statistics"
"<machine-learning><predictive-modeling><statistics>","statistics"
"<machine-learning><neural-network><statistics>","statistics"
"<time-series><statistics><correlation><probability>","statistics"
"<dataset><statistics><data>","statistics"
"<machine-learning><statistics><variance>","statistics"
"<machine-learning><statistics><cross-validation>","statistics"
"<statistics><random-forest><matrix>","statistics"
"<statistics><ab-test>","statistics"
"<machine-learning><predictive-modeling><statistics><transfer-learning>","statistics"
"<machine-learning><python><statistics><simulation>","statistics"
"<statistics><pytorch><variance><weight-initialization>","statistics"
"<machine-learning><statistics><data-science-model>","statistics"
"<machine-learning><statistics>","statistics"
"<machine-learning><classification><statistics>","statistics"
"<python><scikit-learn><statistics><logistic-regression><linear-algebra>","statistics"
"<machine-learning><python><scikit-learn><dataset><statistics>","statistics"
"<machine-learning><python><statistics><numpy><descriptive-statistics>","statistics"
"<scikit-learn><statistics><scipy>","statistics"
"<classification><data-mining><statistics><data><data-analysis>","statistics"
"<statistics><distribution>","statistics"
"<machine-learning><classification><statistics><machine-learning-model>","statistics"
"<regression><statistics>","statistics"
"<machine-learning><statistics><data-science-model><mathematics>","statistics"
"<statistics><probability><markov-hidden-model>","statistics"
"<keras><statistics><cross-validation>","statistics"
"<predictive-modeling><statistics><data-cleaning><matlab><outlier>","statistics"
"<statistics><sampling>","statistics"
"<statistics><markov-process><market-basket-analysis>","statistics"
"<r><clustering><statistics><k-means>","statistics"
"<statistics><preprocessing><naive-bayes-classifier>","statistics"
"<machine-learning><statistics>","statistics"
"<machine-learning><neural-network><statistics><loss-function><probability>","statistics"
"<dataset><statistics><descriptive-statistics>","statistics"
"<python><statistics><numpy><scipy>","statistics"
"<statistics><feature-selection><distribution>","statistics"
"<machine-learning><python><statistics><data-science-model>","statistics"
"<neural-network><cnn><statistics><preprocessing><normalization>","statistics"
"<clustering><statistics><data-analysis><descriptive-statistics>","statistics"
"<machine-learning><classification><statistics><naive-bayes-classifier>","statistics"
"<classification><statistics><object-detection><matlab><confusion-matrix>","statistics"
"<machine-learning><statistics><performance>","statistics"
"<regression><statistics>","statistics"
"<python><statistics><data><distribution><descriptive-statistics>","statistics"
"<machine-learning><time-series><regression><statistics><loss-function>","statistics"
"<machine-learning><statistics>","statistics"
"<time-series><data-mining><predictive-modeling><statistics><feature-engineering>","statistics"
"<r><statistics>","statistics"
"<statistics><feature-extraction><descriptive-statistics>","statistics"
"<statistics><data-science-model><bayesian><frequentist>","statistics"
"<python><statistics><numpy>","statistics"
"<machine-learning><statistics><probability>","statistics"
"<machine-learning><statistics>","statistics"
"<machine-learning><classification><statistics><descriptive-statistics>","statistics"
"<nlp><statistics><word-embeddings><stanford-nlp>","statistics"
"<machine-learning><deep-learning><statistics><logistic-regression><causalimpact>","statistics"
"<statistics><accuracy><evaluation><distribution><descriptive-statistics>","statistics"
"<machine-learning><deep-learning><data-mining><statistics><logistic-regression>","statistics"
"<machine-learning><deep-learning><data-mining><statistics><logistic-regression>","statistics"
"<machine-learning><deep-learning><data-mining><predictive-modeling><statistics>","statistics"
"<statistics><labels>","statistics"
"<machine-learning><statistics><decision-trees>","statistics"
"<machine-learning><deep-learning><predictive-modeling><statistics><feature-selection>","statistics"
"<machine-learning><predictive-modeling><statistics><logistic-regression><machine-learning-model>","statistics"
"<machine-learning><deep-learning><statistics><cross-validation><machine-learning-model>","statistics"
"<machine-learning><deep-learning><statistics><logistic-regression><machine-learning-model>","statistics"
"<statistics><data-analysis><descriptive-statistics>","statistics"
"<machine-learning><scikit-learn><statistics><decision-trees>","statistics"
"<machine-learning><statistics><variance>","statistics"
"<machine-learning><statistics><multiclass-classification>","statistics"
"<machine-learning><deep-learning><statistics><feature-selection><performance>","statistics"
"<statistics>","statistics"
"<statistics><logistic-regression>","statistics"
"<statistics><math><theory><encoder>","statistics"
"<statistics>","statistics"
"<machine-learning><statistics><feature-engineering><probability><sampling>","statistics"
"<machine-learning><statistics><recommender-system>","statistics"
"<statistics><excel><implementation>","statistics"
"<machine-learning><neural-network><deep-learning><statistics><logistic-regression>","statistics"
"<machine-learning><statistics><supervised-learning><learning>","statistics"
"<statistics><image-recognition><probability><distribution>","statistics"
"<python><statistics>","statistics"
"<regression><statistics>","statistics"
"<machine-learning><statistics><scoring>","statistics"
"<statistics><visualization>","statistics"
"<machine-learning><statistics><probability>","statistics"
"<machine-learning><time-series><statistics>","statistics"
"<statistics>","statistics"
"<machine-learning><statistics>","statistics"
"<python><statistics><probability><distribution><descriptive-statistics>","statistics"
"<machine-learning><deep-learning><data-mining><statistics><logistic-regression>","statistics"
"<data-mining><statistics><data>","statistics"
"<python><statistics><scipy>","statistics"
"<statistics>","statistics"
"<python><scikit-learn><statistics><data-science-model><categorical-data>","statistics"
"<machine-learning><statistics><data-science-model><recurrent-neural-net><glm>","statistics"
"<python><neural-network><tensorflow><statistics><preprocessing>","statistics"
"<machine-learning><classification><statistics><multiclass-classification>","statistics"
"<machine-learning><statistics><linear-regression>","statistics"
"<data-mining><statistics><linear-regression><descriptive-statistics>","statistics"
"<classification><clustering><statistics>","statistics"
"<machine-learning><data-mining><statistics><cross-validation><data-science-model>","statistics"
"<neural-network><statistics><training><mathematics>","statistics"
"<python><statistics><seaborn>","statistics"
"<machine-learning><statistics><data-science-model><probability><bias>","statistics"
"<python><statistics><descriptive-statistics>","statistics"
"<statistics><probability>","statistics"
"<regression><statistics><data-science-model><regularization><ridge-regression>","statistics"
"<r><statistics><numpy><density-estimation>","statistics"
"<statistics><distance><self-study>","statistics"
"<machine-learning><python><predictive-modeling><statistics>","statistics"
"<machine-learning><python><time-series><predictive-modeling><statistics>","statistics"
"<python><statistics><numpy><variance>","statistics"
"<python><statistics><probability><graphical-model>","statistics"
"<statistics><logistic-regression><matrix><mathematics><esl>","statistics"
"<time-series><statistics><correlation>","statistics"
"<machine-learning><regression><statistics><dimensionality-reduction><linear-algebra>","statistics"
"<r><statistics><data><data-cleaning><dplyr>","statistics"
"<statistics>","statistics"
"<statistics>","statistics"
"<classification><time-series><regression><statistics><theory>","statistics"
"<time-series><statistics><anomaly-detection><autoencoder>","statistics"
"<statistics><social-network-analysis>","statistics"
"<machine-learning><statistics><linear-regression><optimization><gradient-descent>","statistics"
"<machine-learning><data-mining><clustering><statistics>","statistics"
"<machine-learning><predictive-modeling><statistics>","statistics"
"<neural-network><statistics>","statistics"
"<data-mining><statistics><preprocessing><distribution><multivariate-distribution>","statistics"
"<predictive-modeling><statistics><prediction><linear-algebra>","statistics"
"<statistics>","statistics"
"<machine-learning><neural-network><dataset><lstm><statistics>","statistics"
"<machine-learning><statistics><feature-selection><linear-regression><feature-engineering>","statistics"
"<python><statistics><numpy><scipy><interpolation>","statistics"
"<statistics>","statistics"
"<dataset><statistics><decision-trees>","statistics"
"<statistics><data-science-model><probability><sampling>","statistics"
"<statistics><recommender-system><probability><markov-process>","statistics"
"<time-series><statistics><preprocessing><forecasting>","statistics"
"<machine-learning><predictive-modeling><statistics><random-forest><generalization>","statistics"
"<machine-learning><statistics><linear-regression><data-cleaning>","statistics"
"<predictive-modeling><statistics><forecasting>","statistics"
"<time-series><statistics>","statistics"
"<lstm><statistics><rnn><prediction><probability>","statistics"
"<statistics><feature-selection><correlation><kaggle>","statistics"
"<statistics><feature-selection><correlation><kaggle>","statistics"
"<statistics><data-science-model><data-analysis><ab-test>","statistics"
"<machine-learning><deep-learning><classification><statistics><data-science-model>","statistics"
"<machine-learning><statistics><reinforcement-learning><optimization><probability>","statistics"
"<predictive-modeling><statistics><data-science-model><data-analysis><finance>","statistics"
"<time-series><predictive-modeling><pandas><statistics><sequence>","statistics"
"<python><statistics><data-cleaning><normalization>","statistics"
"<statistics><data-analysis><statsmodels>","statistics"
"<machine-learning><statistics>","statistics"
"<time-series><statistics><data-analysis><variance><descriptive-statistics>","statistics"
"<statistics><correlation><statsmodels><anova>","statistics"
"<python><r><statistics><monte-carlo>","statistics"
"<machine-learning><statistics><data-science-model><statsmodels>","statistics"
"<dataset><statistics><outlier><descriptive-statistics><numerical>","statistics"
"<classification><statistics>","statistics"
"<regression><statistics><mathematics><ridge-regression>","statistics"
"<classification><statistics><prediction><survival-analysis>","statistics"
"<scikit-learn><clustering><statistics><numpy><scipy>","statistics"
"<neural-network><deep-learning><tensorflow><statistics>","statistics"
"<machine-learning><statistics><machine-learning-model><bias>","statistics"
"<python><time-series><data-mining><statistics><data-analysis>","statistics"
"<machine-learning><data-mining><statistics><unsupervised-learning>","statistics"
"<predictive-modeling><statistics><linear-regression>","statistics"
"<machine-learning><deep-learning><classification><data-mining><statistics>","statistics"
"<statistics><feature-engineering><feature-extraction><bayesian>","statistics"
"<machine-learning><statistics><non-parametric><anova>","statistics"
"<machine-learning><statistics><preprocessing>","statistics"
"<python><statistics><matlab><distribution>","statistics"
"<statistics><probability><math><notation>","statistics"
"<machine-learning><time-series><statistics><correlation>","statistics"
"<regression><statistics>","statistics"
"<statistics><missing-data><weighted-data>","statistics"
"<predictive-modeling><statistics><data><preprocessing><ranking>","statistics"
"<statistics><ab-test><causalimpact>","statistics"
"<statistics><sampling><distribution><ab-test>","statistics"
"<regression><statistics><random-forest><xgboost><evaluation>","statistics"
"<statistics><descriptive-statistics>","statistics"
"<statistics><data-cleaning><preprocessing><math><google>","statistics"
"<machine-learning><statistics><cross-validation>","statistics"
"<nlp><statistics><sentiment-analysis><information-retrieval><ranking>","statistics"
"<statistics><forecasting><simulation><monte-carlo>","statistics"
"<machine-learning><neural-network><deep-learning><data-mining><statistics>","statistics"
"<statistics><linear-regression>","statistics"
"<time-series><statistics><data-science-model><normalization>","statistics"
"<deep-learning><nlp><statistics><ml>","statistics"
"<classification><statistics><xgboost><accuracy>","statistics"
"<python><time-series><statistics><forecasting>","statistics"
"<machine-learning><deep-learning><statistics><linear-algebra>","statistics"
"<classification><predictive-modeling><statistics><random-forest><multilabel-classification>","statistics"
"<statistics><probability>","statistics"
"<statistics><reinforcement-learning><estimators>","statistics"
"<statistics>","statistics"
"<statistics>","statistics"
"<machine-learning><regression><statistics><linear-regression>","statistics"
"<python><r><statistics><data-analysis>","statistics"
"<statistics><naive-bayes-classifier>","statistics"
"<predictive-modeling><statistics><algorithms><ensemble-modeling>","statistics"
"<machine-learning><predictive-modeling><statistics><probability>","statistics"
"<regression><statistics>","statistics"
"<data-mining><statistics>","statistics"
"<statistics><recommender-system><similarity><math>","statistics"
"<statistics><ab-test><permutation-test><hypothesis-testing>","statistics"
"<machine-learning><statistics><visualization><plotting>","statistics"