TagName,COUNT
"machine-learning","7879"
"python","4612"
"neural-network","3304"
"deep-learning","3214"
"classification","2182"
"keras","2058"
"scikit-learn","1542"
"tensorflow","1475"
"nlp","1393"
"r","1224"
"time-series","1162"
"dataset","1034"
"regression","1022"
"data-mining","1013"
"clustering","989"
"cnn","968"
"predictive-modeling","900"
"pandas","880"
"lstm","827"
"statistics","751"
"feature-selection","636"
"data","558"
"random-forest","551"
"image-classification","543"
"decision-trees","517"
"linear-regression","513"
"text-mining","506"
"data-cleaning","501"
"visualization","498"
"reinforcement-learning","478"
"rnn","467"
"xgboost","460"
"logistic-regression","459"
"convnet","451"
"bigdata","435"
"svm","431"