TagName,
"python","1196833"
"machine-learning","773935"
"keras","544628"
"pandas","527831"
"deep-learning","453475"
"neural-network","380012"
"scikit-learn","280534"
"tensorflow","257580"
"classification","209486"
"dataframe","203979"
"nlp","152420"
"cnn","151930"
"lstm","143433"
"time-series","130870"
"numpy","116095"
"regression","94623"
"csv","88767"
"pytorch","88365"
"dataset","83026"
"seaborn","74060"
"data-mining","73723"
"xgboost","70711"
"r","70289"
"bert","69798"
"image-classification","67701"
"clustering","67594"
"computer-vision","64513"
"data-formats","62698"
"data-cleaning","61454"
"matplotlib","59241"
"feature-selection","55879"
"gpu","48004"
"opencv","47093"
"data-science-model","46581"
"machine-learning-model","46033"
"decision-trees","45696"
"loss-function","44719"
"logistic-regression","40536"
"cross-validation","40262"
"linear-regression","39550"
"multiclass-classification","39414"
"word-embeddings","39127"
"rnn","38960"
"visualization","38797"
"data","38418"
"preprocessing","37998"
"training","37651"
"encoding","36143"
"excel","36100"
"class-imbalance","35437"
"reinforcement-learning","34793"
"random-forest","34618"
"attention-mechanism","34607"
"k-means","34018"
"word2vec","33808"
"prediction","33356"
"transformer","33135"
"normalization","33107"
"statistics","32398"
"accuracy","31456"
"convolution","31133"
"overfitting","31120"
"autoencoder","30437"
"gradient-descent","29884"
"feature-engineering","29708"
"convnet","29505"
"predictive-modeling","28946"
"data-analysis","28837"
"activation-function","27829"
"gan","27071"
"categorical-data","26566"
"svm","26432"
"kaggle","25825"
"object-detection","25529"
"optimization","24694"
"bigdata","24687"
"similarity","24575"
"backpropagation","24353"
"correlation","24169"
"data.table","24134"
"missing-data","23809"
"recurrent-neural-net","23158"
"feature-extraction","23153"
"transfer-learning","23132"
"jupyter","23081"
"anaconda","22663"
"text-mining","22370"
"epochs","22010"
"unsupervised-learning","21610"
"outlier","21020"
"cost-function","20943"
"forecast","20862"
"multilabel-classification","20618"
"natural-language-process","20317"
"anomaly-detection","19864"
"sequence-to-sequence","19389"
"metric","18725"
"image-preprocessing","17758"
"recommender-system","16722"
"gensim","16291"
"confusion-matrix","15989"
"gridsearchcv","15794"
"image-recognition","15702"
"nltk","15280"
"evaluation","15184"
"lightgbm","15093"
"binary","14900"
"hyperparameter-tuning","14542"
"scipy","14511"
"feature-scaling","14350"
"forecasting","14334"
"difference","14317"
"supervised-learning","14158"
"pyspark","13681"
"boosting","13383"
"colab","13019"
"mathematics","12858"
"pca","12824"
"dropout","12241"
"unbalanced-classes","12142"
"dimensionality-reduction","11924"
"apache-spark","11901"
"ipython","11803"
"cosine-distance","11625"
"data-wrangling","11507"
"smote","11230"
"probability","11183"
"grid-search","11074"
"json","10984"
"image","10950"
"graphs","10828"
"regularization","10788"
"batch-normalization","10628"
"naive-bayes-classifier","9988"
"dbscan","9968"
"k-nn","9796"
"methods","9705"
"distance","9681"
"classifier","9649"
"similar-documents","9359"
"neural","9342"
"sampling","9264"
"algorithms","9259"
"matlab","9163"
"historgram","8860"
"mlp","8792"
"spacy","8791"
"softmax","8683"
"dummy-variables","8583"
"distribution","8414"
"tfidf","8277"
"indexing","8240"
"vae","8239"
"embeddings","8130"
"variance","7842"
"sql","7841"
"named-entity-recognition","7795"
"time","7346"
"dqn","7264"
"data-augmentation","7180"
"imbalanced-learn","7008"
"yolo","6964"
"model-selection","6869"
"orange","6850"
"mnist","6847"
"hyperparameter","6819"
"monte-carlo","6749"
"text","6688"
"data-imputation","6539"
"generative-models","6536"
"ai","6524"
"pearsons-correlation-coefficient","6515"
"lda","6315"
"deep-network","6294"
"sequence","6288"
"matrix","6264"
"sentiment-analysis","6258"
"spearmans-rank-correlation","6249"
"kendalls-tau-coefficient","6249"
"vgg16","6246"
"google","6187"
"linear-algebra","6050"
"faster-rcnn","6014"
"bias","5907"
"machine-translation","5660"
"q-learning","5624"
"language-model","5558"
"openai-gym","5538"
"labels","5472"
"learning-rate","5467"
"weighted-data","5237"
"scoring","5079"
"information-retrieval","4997"
"topic-model","4874"
"gaussian","4857"
"ocr","4739"
"plotting","4695"
"pipelines","4687"
"databases","4645"
"perceptron","4552"
"bayesian","4530"
"feature-construction","4391"
"audio-recognition","4336"
"nvidia","4305"
"randomized-algorithms","4297"
"kernel","4227"
"dplyr","4177"
"performance","4139"
"linux","4103"
"implementation","4078"
"object-recognition","4054"
"arima","3955"
"pickle","3867"
"features","3788"
"finance","3727"
"text-generation","3675"
"math","3655"
"beginner","3546"
"survival-analysis","3426"
"aws","3334"
"geospatial","3311"
"error-handling","3102"
"score","3096"
"serialisation","3079"
"terminology","3071"
"policy-gradients","2966"
"descriptive-statistics","2964"
"stanford-nlp","2844"
"actor-critic","2732"
"vector-space-models","2724"
"noise","2676"
"probability-calibration","2557"
"ensemble-modeling","2466"
"windows","2459"
"python-3.x","2426"
"tools","2413"
"rstudio","2394"
"tokenization","2282"
"convergence","2272"
"smotenc","2236"
"gbm","2141"
"programming","2133"
"scalability","2131"
"online-learning","2109"
"weka","2052"
"keras-rl","2030"
"ml","2024"
"hardware","1994"
"tsne","1981"
"multitask-learning","1927"
"inception","1913"
"scala","1907"
"reference-request","1886"
"career","1830"
"3d-reconstruction","1824"
"aws-lambda","1800"
"collinearity","1775"
"chatbot","1723"
"feature-reduction","1723"
"fuzzy-logic","1708"
"orange3","1700"
"movielens","1699"
"learning-to-rank","1608"
"ndcg","1606"
"density-estimation","1606"
"software-recommendation","1590"
"powerbi","1589"
"churn","1576"
"annotation","1569"
"predictor-importance","1568"
"data-leakage","1554"
"deepmind","1546"
"self-study","1511"
"inceptionresnetv2","1468"
"multi-output","1451"
"ranking","1437"
"aggregation","1416"
"books","1415"
"heatmap","1410"
"ridge-regression","1401"
"simulation","1393"
"explainable-ai","1381"
"bayesian-networks","1380"
"normal-equation","1375"
"nlg","1365"
"numerical","1354"
"dynamic-programming","1341"
"semi-supervised-learning","1293"
"etl","1262"
"data-product","1242"
"regex","1238"
"genetic-algorithms","1238"
"anonymization","1235"
"reshape","1212"
"jaccard-coefficient","1193"
"interpolation","1193"
"learning","1156"
"networkx","1146"
"parallel","1141"
"market-basket-analysis","1109"
"parameter","1105"
"matrix-factorisation","1105"
"parameter-estimation","1097"
"automatic-summarization","1097"
"probabilistic-programming","1076"
"ensemble-learning","1075"
"svr","1073"
"mini-batch-gradient-descent","1033"
"javascript","1003"
"hinge-loss","997"
"tesseract","986"
"software-development","983"
"vc-theory","982"
"privacy","971"
"data-stream-mining","949"
"azure-ml","927"
"spyder","920"
"rbf","918"
"discriminant-analysis","912"
"apache-hadoop","878"
"gaussian-process","857"
"association-rules","856"
"java","845"
"sagemaker","815"
"pytorch-geometric","800"
"h2o","799"
"discounted-reward","796"
"evolutionary-algorithms","790"
"marketing","776"
"pip","768"
"research","755"
"representation","746"
"ensemble","721"
"cloud-computing","715"
"pac-learning","713"
"clusters","709"
"markov-hidden-model","663"
"weight-initialization","658"
"stemming","634"
"finetuning","631"
"sequential-pattern-mining","621"
"sas","614"
"esl","605"
"generalization","599"
"cloud","575"
".net","564"
"bayes-error","558"
"stacked-lstm","552"
"markov-process","543"
"dirichlet","534"
"definitions","533"
"predict","529"
"one-shot-learning","496"
"lasso","482"
"social-network-analysis","470"
"hierarchical-data-format","464"
"game","456"
"processing","454"
"theory","453"
"structured-data","452"
"fuzzy-classification","434"
"speech-to-text","430"
"scraping","426"
"fastai","421"
"graphical-model","417"
"methodology","416"
"pruning","413"
"wolfram-language","410"
"information-theory","406"
"code","405"
"web-scraping","403"
"notation","402"
"allennlp","397"
"homework","390"
"mutual-information","387"
"tableau","375"
"coursera","371"
"meta-learning","364"
"manhattan","361"
"lime","361"
"julia","353"
"question-answering","352"
"neural-style-transfer","350"
"interpretation","347"
"pooling","334"
"anomaly","322"
"parsing","309"
"categorical-encoding","301"
"non-parametric","297"
"distributed","292"
"project-planning","291"
"least-squares-svm","282"
"metadata","281"
"glm","266"
"mse","266"
"octave","263"
"spss","258"
"one-hot-encoding","251"
"twitter","250"
"huggingface","249"
"alex-net","247"
"bioinformatics","247"
"shap","245"
"data-indexing-techniques","245"
"search-engine","243"
"image-size","243"
"genetic-programming","239"
"c","239"
"expectation-maximization","238"
"ggplot2","234"
"hashingvectorizer","233"
"naive-bayes-algorithim","233"
"openai-gpt","217"
"mean-shift","213"
"map-reduce","212"
"word","212"
"search","206"
"image-segmentation","199"
"anova","198"
"active-learning","197"
"semantic-similarity","195"
"siamese-networks","191"
"markov","188"
"theano","183"
"ab-test","176"
"competitions","167"
"domain-adaptation","166"
"causalimpact","158"
"version-control","152"
"automation","151"
"counts","145"
"functional-api","145"
"estimators","143"
"doc2vec","141"
"automl","137"
"c++","133"
"ngrams","129"
"groupby","123"
"infographics","122"
"derivation","119"
"relational-dbms","119"
"auc","118"
"rbm","113"
"rmse","109"
"lda-classifier","107"
"manifold","105"
"multi-instance-learning","102"
"ann","100"
"activity-recognition","99"
"sensors","94"
"self-driving","93"
"management","90"
"isolation-forest","89"
"gmm","87"
"mcmc","85"
"google-cloud","84"
"pattern-recognition","82"
"feature-map","78"
"crawling","76"
"education","76"
"unseen-data","72"
"finite-precision","72"
"mongodb","69"
"caffe","69"
"sparsity","67"
"stata","63"
"torch","61"
"nosql","59"
"encoder","56"
"experiments","54"
"objective-function","52"
"efficiency","51"
"bayesian-nonparametric","51"
"3d-object-detection","50"
"kitti-dataset","50"
"hive","49"
"community","48"
"sports","47"
"text-classification","45"
"knime","40"
"adaboost","37"
"google-prediction-api","36"
"corpus","33"
"wikipedia","33"
"categories","32"
"open-source","27"
"redshift","26"
"consumerweb","24"
"usecase","23"
"hog","23"
"sap","23"
"history","23"
"gru","22"
"nl2sql","21"
"rdkit","19"
"text-filter","19"
"momentum","18"
"state-of-the-art","17"
"galago","15"
"frequentist","14"
"noisification","12"
"statsmodels","10"
"multivariate-distribution","6"